"DateRep","Cases","Deaths","Country"
2019-12-31,0,0,"Austria"
2020-01-01,0,0,"Austria"
2020-01-02,0,0,"Austria"
2020-01-03,0,0,"Austria"
2020-01-04,0,0,"Austria"
2020-01-05,0,0,"Austria"
2020-01-06,0,0,"Austria"
2020-01-07,0,0,"Austria"
2020-01-08,0,0,"Austria"
2020-01-09,0,0,"Austria"
2020-01-10,0,0,"Austria"
2020-01-11,0,0,"Austria"
2020-01-12,0,0,"Austria"
2020-01-13,0,0,"Austria"
2020-01-14,0,0,"Austria"
2020-01-15,0,0,"Austria"
2020-01-16,0,0,"Austria"
2020-01-17,0,0,"Austria"
2020-01-18,0,0,"Austria"
2020-01-19,0,0,"Austria"
2020-01-20,0,0,"Austria"
2020-01-21,0,0,"Austria"
2020-01-22,0,0,"Austria"
2020-01-23,0,0,"Austria"
2020-01-24,0,0,"Austria"
2020-01-25,0,0,"Austria"
2020-01-26,0,0,"Austria"
2020-01-27,0,0,"Austria"
2020-01-28,0,0,"Austria"
2020-01-29,0,0,"Austria"
2020-01-30,0,0,"Austria"
2020-01-31,0,0,"Austria"
2020-02-01,0,0,"Austria"
2020-02-02,0,0,"Austria"
2020-02-03,0,0,"Austria"
2020-02-04,0,0,"Austria"
2020-02-05,0,0,"Austria"
2020-02-06,0,0,"Austria"
2020-02-07,0,0,"Austria"
2020-02-08,0,0,"Austria"
2020-02-09,0,0,"Austria"
2020-02-10,0,0,"Austria"
2020-02-11,0,0,"Austria"
2020-02-12,0,0,"Austria"
2020-02-13,0,0,"Austria"
2020-02-14,0,0,"Austria"
2020-02-15,0,0,"Austria"
2020-02-16,0,0,"Austria"
2020-02-17,0,0,"Austria"
2020-02-18,0,0,"Austria"
2020-02-19,0,0,"Austria"
2020-02-20,0,0,"Austria"
2020-02-21,0,0,"Austria"
2020-02-22,0,0,"Austria"
2020-02-23,0,0,"Austria"
2020-02-24,0,0,"Austria"
2020-02-25,0,0,"Austria"
2020-02-26,2,0,"Austria"
2020-02-27,0,0,"Austria"
2020-02-28,3,0,"Austria"
2020-02-29,2,0,"Austria"
2020-03-01,3,0,"Austria"
2020-03-02,4,0,"Austria"
2020-03-03,4,0,"Austria"
2020-03-04,6,0,"Austria"
2020-03-05,5,0,"Austria"
2020-03-06,12,0,"Austria"
2020-03-07,33,0,"Austria"
2020-03-08,25,0,"Austria"
2020-03-09,3,0,"Austria"
2020-03-10,29,0,"Austria"
2020-03-11,51,0,"Austria"
2020-03-12,64,0,"Austria"
2020-03-13,115,1,"Austria"
2020-03-14,143,0,"Austria"
2020-03-15,151,0,"Austria"
2020-03-16,205,0,"Austria"
2020-03-17,156,2,"Austria"
2020-03-18,316,0,"Austria"
2020-03-19,314,1,"Austria"
2020-03-20,550,2,"Austria"
2020-03-21,453,0,"Austria"
2020-03-22,375,2,"Austria"
2020-03-23,607,8,"Austria"
2020-03-24,855,9,"Austria"
2020-03-25,796,5,"Austria"
2020-03-26,606,4,"Austria"
2020-03-27,1141,18,"Austria"
2020-03-28,668,16,"Austria"
2020-03-29,594,0,"Austria"
2020-03-30,522,18,"Austria"
2020-03-31,805,22,"Austria"
2020-04-01,564,20,"Austria"
2020-04-02,529,18,"Austria"
2020-04-03,418,12,"Austria"
2020-04-04,396,10,"Austria"
2020-04-05,241,18,"Austria"
2020-04-06,217,18,"Austria"
2020-04-07,314,16,"Austria"
2020-04-08,343,23,"Austria"
2020-04-09,329,30,"Austria"
2020-04-10,279,22,"Austria"
2020-04-11,312,24,"Austria"
2020-04-12,247,18,"Austria"
2020-04-13,130,13,"Austria"
2020-04-14,106,18,"Austria"
2020-04-15,191,16,"Austria"
2020-04-16,136,9,"Austria"
2020-04-17,78,17,"Austria"
2020-04-18,155,21,"Austria"
2020-04-19,59,12,"Austria"
2020-04-20,48,9,"Austria"
2020-04-21,73,10,"Austria"
2020-04-22,50,1,"Austria"
2020-04-23,91,31,"Austria"
2020-04-24,61,14,"Austria"
2020-04-25,83,5,"Austria"
2020-04-26,66,23,"Austria"
2020-04-27,55,6,"Austria"
2020-04-28,67,7,"Austria"
2020-04-29,58,20,"Austria"
2020-04-30,50,11,"Austria"
2020-05-01,60,4,"Austria"
2020-05-02,34,5,"Austria"
2020-05-03,12,7,"Austria"
2020-05-04,68,2,"Austria"
2020-05-05,31,2,"Austria"
2019-12-31,0,0,"Belgium"
2020-01-01,0,0,"Belgium"
2020-01-02,0,0,"Belgium"
2020-01-03,0,0,"Belgium"
2020-01-04,0,0,"Belgium"
2020-01-05,0,0,"Belgium"
2020-01-06,0,0,"Belgium"
2020-01-07,0,0,"Belgium"
2020-01-08,0,0,"Belgium"
2020-01-09,0,0,"Belgium"
2020-01-10,0,0,"Belgium"
2020-01-11,0,0,"Belgium"
2020-01-12,0,0,"Belgium"
2020-01-13,0,0,"Belgium"
2020-01-14,0,0,"Belgium"
2020-01-15,0,0,"Belgium"
2020-01-16,0,0,"Belgium"
2020-01-17,0,0,"Belgium"
2020-01-18,0,0,"Belgium"
2020-01-19,0,0,"Belgium"
2020-01-20,0,0,"Belgium"
2020-01-21,0,0,"Belgium"
2020-01-22,0,0,"Belgium"
2020-01-23,0,0,"Belgium"
2020-01-24,0,0,"Belgium"
2020-01-25,0,0,"Belgium"
2020-01-26,0,0,"Belgium"
2020-01-27,0,0,"Belgium"
2020-01-28,0,0,"Belgium"
2020-01-29,0,0,"Belgium"
2020-01-30,0,0,"Belgium"
2020-01-31,0,0,"Belgium"
2020-02-01,0,0,"Belgium"
2020-02-02,0,0,"Belgium"
2020-02-03,0,0,"Belgium"
2020-02-04,1,0,"Belgium"
2020-02-05,0,0,"Belgium"
2020-02-06,0,0,"Belgium"
2020-02-07,0,0,"Belgium"
2020-02-08,0,0,"Belgium"
2020-02-09,0,0,"Belgium"
2020-02-10,0,0,"Belgium"
2020-02-11,0,0,"Belgium"
2020-02-12,0,0,"Belgium"
2020-02-13,0,0,"Belgium"
2020-02-14,0,0,"Belgium"
2020-02-15,0,0,"Belgium"
2020-02-16,0,0,"Belgium"
2020-02-17,0,0,"Belgium"
2020-02-18,0,0,"Belgium"
2020-02-19,0,0,"Belgium"
2020-02-20,0,0,"Belgium"
2020-02-21,0,0,"Belgium"
2020-02-22,0,0,"Belgium"
2020-02-23,0,0,"Belgium"
2020-02-24,0,0,"Belgium"
2020-02-25,0,0,"Belgium"
2020-02-26,0,0,"Belgium"
2020-02-27,0,0,"Belgium"
2020-02-28,0,0,"Belgium"
2020-02-29,0,0,"Belgium"
2020-03-01,0,0,"Belgium"
2020-03-02,1,0,"Belgium"
2020-03-03,6,0,"Belgium"
2020-03-04,5,0,"Belgium"
2020-03-05,10,0,"Belgium"
2020-03-06,27,0,"Belgium"
2020-03-07,59,0,"Belgium"
2020-03-08,60,0,"Belgium"
2020-03-09,31,0,"Belgium"
2020-03-10,39,0,"Belgium"
2020-03-11,28,0,"Belgium"
2020-03-12,47,3,"Belgium"
2020-03-13,85,0,"Belgium"
2020-03-14,160,0,"Belgium"
2020-03-15,130,1,"Belgium"
2020-03-16,197,0,"Belgium"
2020-03-17,199,1,"Belgium"
2020-03-18,158,0,"Belgium"
2020-03-19,243,9,"Belgium"
2020-03-20,309,7,"Belgium"
2020-03-21,462,16,"Belgium"
2020-03-22,558,30,"Belgium"
2020-03-23,586,8,"Belgium"
2020-03-24,342,13,"Belgium"
2020-03-25,526,34,"Belgium"
2020-03-26,668,56,"Belgium"
2020-03-27,1298,42,"Belgium"
2020-03-28,1049,69,"Belgium"
2020-03-29,1850,64,"Belgium"
2020-03-30,1702,78,"Belgium"
2020-03-31,1063,82,"Belgium"
2020-04-01,876,192,"Belgium"
2020-04-02,1189,123,"Belgium"
2020-04-03,1384,183,"Belgium"
2020-04-04,1422,132,"Belgium"
2020-04-05,1661,140,"Belgium"
2020-04-06,1260,164,"Belgium"
2020-04-07,1123,185,"Belgium"
2020-04-08,1380,403,"Belgium"
2020-04-09,1209,205,"Belgium"
2020-04-10,1580,283,"Belgium"
2020-04-11,1684,496,"Belgium"
2020-04-12,1351,327,"Belgium"
2020-04-13,1629,254,"Belgium"
2020-04-14,942,303,"Belgium"
2020-04-15,530,254,"Belgium"
2020-04-16,2454,283,"Belgium"
2020-04-17,1236,417,"Belgium"
2020-04-18,1329,306,"Belgium"
2020-04-19,1045,290,"Belgium"
2020-04-20,1313,230,"Belgium"
2020-04-21,1487,145,"Belgium"
2020-04-22,973,170,"Belgium"
2020-04-23,933,264,"Belgium"
2020-04-24,908,228,"Belgium"
2020-04-25,1496,189,"Belgium"
2020-04-26,1032,238,"Belgium"
2020-04-27,809,177,"Belgium"
2020-04-28,553,113,"Belgium"
2020-04-29,647,124,"Belgium"
2020-04-30,525,170,"Belgium"
2020-05-01,660,93,"Belgium"
2020-05-02,513,109,"Belgium"
2020-05-03,485,62,"Belgium"
2020-05-04,389,79,"Belgium"
2020-05-05,361,80,"Belgium"
2019-12-31,0,0,"Denmark"
2020-01-01,0,0,"Denmark"
2020-01-02,0,0,"Denmark"
2020-01-03,0,0,"Denmark"
2020-01-04,0,0,"Denmark"
2020-01-05,0,0,"Denmark"
2020-01-06,0,0,"Denmark"
2020-01-07,0,0,"Denmark"
2020-01-08,0,0,"Denmark"
2020-01-09,0,0,"Denmark"
2020-01-10,0,0,"Denmark"
2020-01-11,0,0,"Denmark"
2020-01-12,0,0,"Denmark"
2020-01-13,0,0,"Denmark"
2020-01-14,0,0,"Denmark"
2020-01-15,0,0,"Denmark"
2020-01-16,0,0,"Denmark"
2020-01-17,0,0,"Denmark"
2020-01-18,0,0,"Denmark"
2020-01-19,0,0,"Denmark"
2020-01-20,0,0,"Denmark"
2020-01-21,0,0,"Denmark"
2020-01-22,0,0,"Denmark"
2020-01-23,0,0,"Denmark"
2020-01-24,0,0,"Denmark"
2020-01-25,0,0,"Denmark"
2020-01-26,0,0,"Denmark"
2020-01-27,0,0,"Denmark"
2020-01-28,0,0,"Denmark"
2020-01-29,0,0,"Denmark"
2020-01-30,0,0,"Denmark"
2020-01-31,0,0,"Denmark"
2020-02-01,0,0,"Denmark"
2020-02-02,0,0,"Denmark"
2020-02-03,0,0,"Denmark"
2020-02-04,0,0,"Denmark"
2020-02-05,0,0,"Denmark"
2020-02-06,0,0,"Denmark"
2020-02-07,0,0,"Denmark"
2020-02-08,0,0,"Denmark"
2020-02-09,0,0,"Denmark"
2020-02-10,0,0,"Denmark"
2020-02-11,0,0,"Denmark"
2020-02-12,0,0,"Denmark"
2020-02-13,0,0,"Denmark"
2020-02-14,0,0,"Denmark"
2020-02-15,0,0,"Denmark"
2020-02-16,0,0,"Denmark"
2020-02-17,0,0,"Denmark"
2020-02-18,0,0,"Denmark"
2020-02-19,0,0,"Denmark"
2020-02-20,0,0,"Denmark"
2020-02-21,0,0,"Denmark"
2020-02-22,0,0,"Denmark"
2020-02-23,0,0,"Denmark"
2020-02-24,0,0,"Denmark"
2020-02-25,0,0,"Denmark"
2020-02-26,0,0,"Denmark"
2020-02-27,1,0,"Denmark"
2020-02-28,0,0,"Denmark"
2020-02-29,1,0,"Denmark"
2020-03-01,1,0,"Denmark"
2020-03-02,1,0,"Denmark"
2020-03-03,1,0,"Denmark"
2020-03-04,3,0,"Denmark"
2020-03-05,2,0,"Denmark"
2020-03-06,10,0,"Denmark"
2020-03-07,3,0,"Denmark"
2020-03-08,8,0,"Denmark"
2020-03-09,7,0,"Denmark"
2020-03-10,75,0,"Denmark"
2020-03-11,151,0,"Denmark"
2020-03-12,252,0,"Denmark"
2020-03-13,160,0,"Denmark"
2020-03-14,128,0,"Denmark"
2020-03-15,23,0,"Denmark"
2020-03-16,48,1,"Denmark"
2020-03-17,57,0,"Denmark"
2020-03-18,92,3,"Denmark"
2020-03-19,91,0,"Denmark"
2020-03-20,36,2,"Denmark"
2020-03-21,104,3,"Denmark"
2020-03-22,71,4,"Denmark"
2020-03-23,69,0,"Denmark"
2020-03-24,65,11,"Denmark"
2020-03-25,131,8,"Denmark"
2020-03-26,133,2,"Denmark"
2020-03-27,153,7,"Denmark"
2020-03-28,169,11,"Denmark"
2020-03-29,155,13,"Denmark"
2020-03-30,194,7,"Denmark"
2020-03-31,182,5,"Denmark"
2020-04-01,283,13,"Denmark"
2020-04-02,247,14,"Denmark"
2020-04-03,279,19,"Denmark"
2020-04-04,371,16,"Denmark"
2020-04-05,320,22,"Denmark"
2020-04-06,292,18,"Denmark"
2020-04-07,312,8,"Denmark"
2020-04-08,390,16,"Denmark"
2020-04-09,331,15,"Denmark"
2020-04-10,233,19,"Denmark"
2020-04-11,184,10,"Denmark"
2020-04-12,177,13,"Denmark"
2020-04-13,178,13,"Denmark"
2020-04-14,144,12,"Denmark"
2020-04-15,193,14,"Denmark"
2020-04-16,170,10,"Denmark"
2020-04-17,198,12,"Denmark"
2020-04-18,194,15,"Denmark"
2020-04-19,169,10,"Denmark"
2020-04-20,142,9,"Denmark"
2020-04-21,131,9,"Denmark"
2020-04-22,180,6,"Denmark"
2020-04-23,217,14,"Denmark"
2020-04-24,161,10,"Denmark"
2020-04-25,137,9,"Denmark"
2020-04-26,235,15,"Denmark"
2020-04-27,130,4,"Denmark"
2020-04-28,123,5,"Denmark"
2020-04-29,153,7,"Denmark"
2020-04-30,157,9,"Denmark"
2020-05-01,150,9,"Denmark"
2020-05-02,153,10,"Denmark"
2020-05-03,96,11,"Denmark"
2020-05-04,116,8,"Denmark"
2020-05-05,147,9,"Denmark"
2019-12-31,0,0,"France"
2020-01-01,0,0,"France"
2020-01-02,0,0,"France"
2020-01-03,0,0,"France"
2020-01-04,0,0,"France"
2020-01-05,0,0,"France"
2020-01-06,0,0,"France"
2020-01-07,0,0,"France"
2020-01-08,0,0,"France"
2020-01-09,0,0,"France"
2020-01-10,0,0,"France"
2020-01-11,0,0,"France"
2020-01-12,0,0,"France"
2020-01-13,0,0,"France"
2020-01-14,0,0,"France"
2020-01-15,0,0,"France"
2020-01-16,0,0,"France"
2020-01-17,0,0,"France"
2020-01-18,0,0,"France"
2020-01-19,0,0,"France"
2020-01-20,0,0,"France"
2020-01-21,0,0,"France"
2020-01-22,0,0,"France"
2020-01-23,0,0,"France"
2020-01-24,0,0,"France"
2020-01-25,3,0,"France"
2020-01-26,0,0,"France"
2020-01-27,0,0,"France"
2020-01-28,0,0,"France"
2020-01-29,1,0,"France"
2020-01-30,1,0,"France"
2020-01-31,1,0,"France"
2020-02-01,0,0,"France"
2020-02-02,0,0,"France"
2020-02-03,0,0,"France"
2020-02-04,0,0,"France"
2020-02-05,0,0,"France"
2020-02-06,0,0,"France"
2020-02-07,0,0,"France"
2020-02-08,5,0,"France"
2020-02-09,0,0,"France"
2020-02-10,0,0,"France"
2020-02-11,0,0,"France"
2020-02-12,0,0,"France"
2020-02-13,0,0,"France"
2020-02-14,0,0,"France"
2020-02-15,0,1,"France"
2020-02-16,0,0,"France"
2020-02-17,1,0,"France"
2020-02-18,0,0,"France"
2020-02-19,0,0,"France"
2020-02-20,0,0,"France"
2020-02-21,0,0,"France"
2020-02-22,0,0,"France"
2020-02-23,0,0,"France"
2020-02-24,0,0,"France"
2020-02-25,0,0,"France"
2020-02-26,2,0,"France"
2020-02-27,3,1,"France"
2020-02-28,21,0,"France"
2020-02-29,19,0,"France"
2020-03-01,43,0,"France"
2020-03-02,30,0,"France"
2020-03-03,48,1,"France"
2020-03-04,34,1,"France"
2020-03-05,73,0,"France"
2020-03-06,138,3,"France"
2020-03-07,190,2,"France"
2020-03-08,103,1,"France"
2020-03-09,410,9,"France"
2020-03-10,286,11,"France"
2020-03-11,372,3,"France"
2020-03-12,497,15,"France"
2020-03-13,595,13,"France"
2020-03-14,785,18,"France"
2020-03-15,838,12,"France"
2020-03-16,924,36,"France"
2020-03-17,1210,21,"France"
2020-03-18,1097,27,"France"
2020-03-19,1404,69,"France"
2020-03-20,1861,128,"France"
2020-03-21,1617,78,"France"
2020-03-22,1847,112,"France"
2020-03-23,1559,112,"France"
2020-03-24,3838,186,"France"
2020-03-25,2446,240,"France"
2020-03-26,2931,231,"France"
2020-03-27,3922,365,"France"
2020-03-28,3809,299,"France"
2020-03-29,4611,319,"France"
2020-03-30,2599,292,"France"
2020-03-31,4376,418,"France"
2020-04-01,7578,499,"France"
2020-04-02,4861,509,"France"
2020-04-03,2116,471,"France"
2020-04-04,5233,2004,"France"
2020-04-05,4267,1053,"France"
2020-04-06,1873,518,"France"
2020-04-07,3912,833,"France"
2020-04-08,3777,1417,"France"
2020-04-09,3881,541,"France"
2020-04-10,4286,1341,"France"
2020-04-11,4342,987,"France"
2020-04-12,3114,635,"France"
2020-04-13,1613,561,"France"
2020-04-14,2673,574,"France"
2020-04-15,5497,762,"France"
2020-04-16,2633,1438,"France"
2020-04-17,2641,753,"France"
2020-04-18,405,761,"France"
2020-04-19,2569,642,"France"
2020-04-20,785,395,"France"
2020-04-21,2051,547,"France"
2020-04-22,2667,531,"France"
2020-04-23,1827,544,"France"
2020-04-24,1653,516,"France"
2020-04-25,1773,389,"France"
2020-04-26,1537,369,"France"
2020-04-27,461,242,"France"
2020-04-28,1195,437,"France"
2020-04-29,1065,367,"France"
2020-04-30,1607,427,"France"
2020-05-01,1139,289,"France"
2020-05-02,604,218,"France"
2020-05-03,794,166,"France"
2020-05-04,308,135,"France"
2020-05-05,576,306,"France"
2019-12-31,0,0,"Germany"
2020-01-01,0,0,"Germany"
2020-01-02,0,0,"Germany"
2020-01-03,0,0,"Germany"
2020-01-04,0,0,"Germany"
2020-01-05,0,0,"Germany"
2020-01-06,0,0,"Germany"
2020-01-07,0,0,"Germany"
2020-01-08,0,0,"Germany"
2020-01-09,0,0,"Germany"
2020-01-10,0,0,"Germany"
2020-01-11,0,0,"Germany"
2020-01-12,0,0,"Germany"
2020-01-13,0,0,"Germany"
2020-01-14,0,0,"Germany"
2020-01-15,0,0,"Germany"
2020-01-16,0,0,"Germany"
2020-01-17,0,0,"Germany"
2020-01-18,0,0,"Germany"
2020-01-19,0,0,"Germany"
2020-01-20,0,0,"Germany"
2020-01-21,0,0,"Germany"
2020-01-22,0,0,"Germany"
2020-01-23,0,0,"Germany"
2020-01-24,0,0,"Germany"
2020-01-25,0,0,"Germany"
2020-01-26,0,0,"Germany"
2020-01-27,0,0,"Germany"
2020-01-28,1,0,"Germany"
2020-01-29,3,0,"Germany"
2020-01-30,0,0,"Germany"
2020-01-31,1,0,"Germany"
2020-02-01,2,0,"Germany"
2020-02-02,1,0,"Germany"
2020-02-03,1,0,"Germany"
2020-02-04,2,0,"Germany"
2020-02-05,0,0,"Germany"
2020-02-06,0,0,"Germany"
2020-02-07,1,0,"Germany"
2020-02-08,1,0,"Germany"
2020-02-09,0,0,"Germany"
2020-02-10,0,0,"Germany"
2020-02-11,0,0,"Germany"
2020-02-12,2,0,"Germany"
2020-02-13,0,0,"Germany"
2020-02-14,0,0,"Germany"
2020-02-15,0,0,"Germany"
2020-02-16,0,0,"Germany"
2020-02-17,0,0,"Germany"
2020-02-18,0,0,"Germany"
2020-02-19,0,0,"Germany"
2020-02-20,0,0,"Germany"
2020-02-21,0,0,"Germany"
2020-02-22,0,0,"Germany"
2020-02-23,0,0,"Germany"
2020-02-24,0,0,"Germany"
2020-02-25,0,0,"Germany"
2020-02-26,2,0,"Germany"
2020-02-27,4,0,"Germany"
2020-02-28,26,0,"Germany"
2020-02-29,10,0,"Germany"
2020-03-01,54,0,"Germany"
2020-03-02,18,0,"Germany"
2020-03-03,28,0,"Germany"
2020-03-04,39,0,"Germany"
2020-03-05,66,0,"Germany"
2020-03-06,138,0,"Germany"
2020-03-07,284,0,"Germany"
2020-03-08,163,0,"Germany"
2020-03-09,55,0,"Germany"
2020-03-10,237,2,"Germany"
2020-03-11,157,0,"Germany"
2020-03-12,271,1,"Germany"
2020-03-13,802,2,"Germany"
2020-03-14,693,0,"Germany"
2020-03-15,733,3,"Germany"
2020-03-16,1043,4,"Germany"
2020-03-17,1174,1,"Germany"
2020-03-18,1144,0,"Germany"
2020-03-19,1042,0,"Germany"
2020-03-20,5940,30,"Germany"
2020-03-21,4049,2,"Germany"
2020-03-22,3276,22,"Germany"
2020-03-23,3311,27,"Germany"
2020-03-24,4438,32,"Germany"
2020-03-25,2342,23,"Germany"
2020-03-26,4954,49,"Germany"
2020-03-27,5780,55,"Germany"
2020-03-28,6294,72,"Germany"
2020-03-29,3965,64,"Germany"
2020-03-30,4751,66,"Germany"
2020-03-31,4615,128,"Germany"
2020-04-01,5453,149,"Germany"
2020-04-02,6156,140,"Germany"
2020-04-03,6174,145,"Germany"
2020-04-04,6082,141,"Germany"
2020-04-05,5936,184,"Germany"
2020-04-06,3677,92,"Germany"
2020-04-07,3834,173,"Germany"
2020-04-08,4003,254,"Germany"
2020-04-09,4974,246,"Germany"
2020-04-10,5323,266,"Germany"
2020-04-11,4133,171,"Germany"
2020-04-12,2821,129,"Germany"
2020-04-13,2537,126,"Germany"
2020-04-14,2082,170,"Germany"
2020-04-15,2486,285,"Germany"
2020-04-16,2866,315,"Germany"
2020-04-17,3380,299,"Germany"
2020-04-18,3609,242,"Germany"
2020-04-19,2458,184,"Germany"
2020-04-20,1775,110,"Germany"
2020-04-21,1785,194,"Germany"
2020-04-22,2237,281,"Germany"
2020-04-23,2352,215,"Germany"
2020-04-24,2337,227,"Germany"
2020-04-25,2055,179,"Germany"
2020-04-26,1737,140,"Germany"
2020-04-27,1018,110,"Germany"
2020-04-28,1144,163,"Germany"
2020-04-29,1304,202,"Germany"
2020-04-30,1478,173,"Germany"
2020-05-01,0,0,"Germany"
2020-05-02,2584,287,"Germany"
2020-05-03,793,74,"Germany"
2020-05-04,679,43,"Germany"
2020-05-05,685,139,"Germany"
2019-12-31,0,0,"Italy"
2020-01-01,0,0,"Italy"
2020-01-02,0,0,"Italy"
2020-01-03,0,0,"Italy"
2020-01-04,0,0,"Italy"
2020-01-05,0,0,"Italy"
2020-01-06,0,0,"Italy"
2020-01-07,0,0,"Italy"
2020-01-08,0,0,"Italy"
2020-01-09,0,0,"Italy"
2020-01-10,0,0,"Italy"
2020-01-11,0,0,"Italy"
2020-01-12,0,0,"Italy"
2020-01-13,0,0,"Italy"
2020-01-14,0,0,"Italy"
2020-01-15,0,0,"Italy"
2020-01-16,0,0,"Italy"
2020-01-17,0,0,"Italy"
2020-01-18,0,0,"Italy"
2020-01-19,0,0,"Italy"
2020-01-20,0,0,"Italy"
2020-01-21,0,0,"Italy"
2020-01-22,0,0,"Italy"
2020-01-23,0,0,"Italy"
2020-01-24,0,0,"Italy"
2020-01-25,0,0,"Italy"
2020-01-26,0,0,"Italy"
2020-01-27,0,0,"Italy"
2020-01-28,0,0,"Italy"
2020-01-29,0,0,"Italy"
2020-01-30,0,0,"Italy"
2020-01-31,3,0,"Italy"
2020-02-01,0,0,"Italy"
2020-02-02,0,0,"Italy"
2020-02-03,0,0,"Italy"
2020-02-04,0,0,"Italy"
2020-02-05,0,0,"Italy"
2020-02-06,0,0,"Italy"
2020-02-07,0,0,"Italy"
2020-02-08,0,0,"Italy"
2020-02-09,0,0,"Italy"
2020-02-10,0,0,"Italy"
2020-02-11,0,0,"Italy"
2020-02-12,0,0,"Italy"
2020-02-13,0,0,"Italy"
2020-02-14,0,0,"Italy"
2020-02-15,0,0,"Italy"
2020-02-16,0,0,"Italy"
2020-02-17,0,0,"Italy"
2020-02-18,0,0,"Italy"
2020-02-19,0,0,"Italy"
2020-02-20,0,0,"Italy"
2020-02-21,0,0,"Italy"
2020-02-22,14,0,"Italy"
2020-02-23,62,2,"Italy"
2020-02-24,53,0,"Italy"
2020-02-25,97,4,"Italy"
2020-02-26,93,5,"Italy"
2020-02-27,78,1,"Italy"
2020-02-28,250,5,"Italy"
2020-02-29,238,4,"Italy"
2020-03-01,240,8,"Italy"
2020-03-02,561,6,"Italy"
2020-03-03,347,17,"Italy"
2020-03-04,466,28,"Italy"
2020-03-05,587,27,"Italy"
2020-03-06,769,41,"Italy"
2020-03-07,778,49,"Italy"
2020-03-08,1247,36,"Italy"
2020-03-09,1492,133,"Italy"
2020-03-10,1797,98,"Italy"
2020-03-11,977,167,"Italy"
2020-03-12,2313,196,"Italy"
2020-03-13,2651,189,"Italy"
2020-03-14,2547,252,"Italy"
2020-03-15,3497,173,"Italy"
2020-03-16,2823,370,"Italy"
2020-03-17,4000,347,"Italy"
2020-03-18,3526,347,"Italy"
2020-03-19,4207,473,"Italy"
2020-03-20,5322,429,"Italy"
2020-03-21,5986,625,"Italy"
2020-03-22,6557,795,"Italy"
2020-03-23,5560,649,"Italy"
2020-03-24,4789,601,"Italy"
2020-03-25,5249,743,"Italy"
2020-03-26,5210,685,"Italy"
2020-03-27,6153,660,"Italy"
2020-03-28,5959,971,"Italy"
2020-03-29,5974,887,"Italy"
2020-03-30,5217,758,"Italy"
2020-03-31,4050,810,"Italy"
2020-04-01,4053,839,"Italy"
2020-04-02,4782,727,"Italy"
2020-04-03,4668,760,"Italy"
2020-04-04,4585,764,"Italy"
2020-04-05,4805,681,"Italy"
2020-04-06,4316,527,"Italy"
2020-04-07,3599,636,"Italy"
2020-04-08,3039,604,"Italy"
2020-04-09,3836,540,"Italy"
2020-04-10,4204,612,"Italy"
2020-04-11,3951,570,"Italy"
2020-04-12,4694,619,"Italy"
2020-04-13,4092,431,"Italy"
2020-04-14,3153,564,"Italy"
2020-04-15,2972,604,"Italy"
2020-04-16,2667,578,"Italy"
2020-04-17,3786,525,"Italy"
2020-04-18,3493,575,"Italy"
2020-04-19,3491,480,"Italy"
2020-04-20,3047,433,"Italy"
2020-04-21,2256,454,"Italy"
2020-04-22,2729,534,"Italy"
2020-04-23,3370,437,"Italy"
2020-04-24,2646,464,"Italy"
2020-04-25,3021,420,"Italy"
2020-04-26,2357,415,"Italy"
2020-04-27,2324,260,"Italy"
2020-04-28,1739,333,"Italy"
2020-04-29,2091,382,"Italy"
2020-04-30,2086,323,"Italy"
2020-05-01,1872,285,"Italy"
2020-05-02,1965,269,"Italy"
2020-05-03,1900,474,"Italy"
2020-05-04,1389,174,"Italy"
2020-05-05,1221,195,"Italy"
2019-12-31,0,0,"Norway"
2020-01-01,0,0,"Norway"
2020-01-02,0,0,"Norway"
2020-01-03,0,0,"Norway"
2020-01-04,0,0,"Norway"
2020-01-05,0,0,"Norway"
2020-01-06,0,0,"Norway"
2020-01-07,0,0,"Norway"
2020-01-08,0,0,"Norway"
2020-01-09,0,0,"Norway"
2020-01-10,0,0,"Norway"
2020-01-11,0,0,"Norway"
2020-01-12,0,0,"Norway"
2020-01-13,0,0,"Norway"
2020-01-14,0,0,"Norway"
2020-01-15,0,0,"Norway"
2020-01-16,0,0,"Norway"
2020-01-17,0,0,"Norway"
2020-01-18,0,0,"Norway"
2020-01-19,0,0,"Norway"
2020-01-20,0,0,"Norway"
2020-01-21,0,0,"Norway"
2020-01-22,0,0,"Norway"
2020-01-23,0,0,"Norway"
2020-01-24,0,0,"Norway"
2020-01-25,0,0,"Norway"
2020-01-26,0,0,"Norway"
2020-01-27,0,0,"Norway"
2020-01-28,0,0,"Norway"
2020-01-29,0,0,"Norway"
2020-01-30,0,0,"Norway"
2020-01-31,0,0,"Norway"
2020-02-01,0,0,"Norway"
2020-02-02,0,0,"Norway"
2020-02-03,0,0,"Norway"
2020-02-04,0,0,"Norway"
2020-02-05,0,0,"Norway"
2020-02-06,0,0,"Norway"
2020-02-07,0,0,"Norway"
2020-02-08,0,0,"Norway"
2020-02-09,0,0,"Norway"
2020-02-10,0,0,"Norway"
2020-02-11,0,0,"Norway"
2020-02-12,0,0,"Norway"
2020-02-13,0,0,"Norway"
2020-02-14,0,0,"Norway"
2020-02-15,0,0,"Norway"
2020-02-16,0,0,"Norway"
2020-02-17,0,0,"Norway"
2020-02-18,0,0,"Norway"
2020-02-19,0,0,"Norway"
2020-02-20,0,0,"Norway"
2020-02-21,0,0,"Norway"
2020-02-22,0,0,"Norway"
2020-02-23,0,0,"Norway"
2020-02-24,0,0,"Norway"
2020-02-25,0,0,"Norway"
2020-02-26,0,0,"Norway"
2020-02-27,1,0,"Norway"
2020-02-28,3,0,"Norway"
2020-02-29,2,0,"Norway"
2020-03-01,9,0,"Norway"
2020-03-02,4,0,"Norway"
2020-03-03,6,0,"Norway"
2020-03-04,8,0,"Norway"
2020-03-05,23,0,"Norway"
2020-03-06,30,0,"Norway"
2020-03-07,27,0,"Norway"
2020-03-08,34,0,"Norway"
2020-03-09,22,0,"Norway"
2020-03-10,23,0,"Norway"
2020-03-11,85,0,"Norway"
2020-03-12,212,0,"Norway"
2020-03-13,132,1,"Norway"
2020-03-14,0,0,"Norway"
2020-03-15,286,0,"Norway"
2020-03-16,170,0,"Norway"
2020-03-17,92,2,"Norway"
2020-03-18,139,0,"Norway"
2020-03-19,115,0,"Norway"
2020-03-20,129,3,"Norway"
2020-03-21,190,1,"Norway"
2020-03-22,184,0,"Norway"
2020-03-23,206,0,"Norway"
2020-03-24,239,1,"Norway"
2020-03-25,195,2,"Norway"
2020-03-26,350,2,"Norway"
2020-03-27,240,2,"Norway"
2020-03-28,425,2,"Norway"
2020-03-29,264,4,"Norway"
2020-03-30,257,2,"Norway"
2020-03-31,124,4,"Norway"
2020-04-01,221,2,"Norway"
2020-04-02,218,4,"Norway"
2020-04-03,270,10,"Norway"
2020-04-04,273,2,"Norway"
2020-04-05,302,6,"Norway"
2020-04-06,130,8,"Norway"
2020-04-07,115,1,"Norway"
2020-04-08,108,10,"Norway"
2020-04-09,147,11,"Norway"
2020-04-10,150,8,"Norway"
2020-04-11,84,4,"Norway"
2020-04-12,76,6,"Norway"
2020-04-13,95,5,"Norway"
2020-04-14,73,11,"Norway"
2020-04-15,78,13,"Norway"
2020-04-16,111,3,"Norway"
2020-04-17,114,6,"Norway"
2020-04-18,0,0,"Norway"
2020-04-19,193,12,"Norway"
2020-04-20,84,6,"Norway"
2020-04-21,45,0,"Norway"
2020-04-22,53,9,"Norway"
2020-04-23,84,6,"Norway"
2020-04-24,95,11,"Norway"
2020-04-25,63,11,"Norway"
2020-04-26,59,2,"Norway"
2020-04-27,38,0,"Norway"
2020-04-28,28,0,"Norway"
2020-04-29,72,2,"Norway"
2020-04-30,62,7,"Norway"
2020-05-01,43,2,"Norway"
2020-05-02,49,0,"Norway"
2020-05-03,0,0,"Norway"
2020-05-04,50,4,"Norway"
2020-05-05,38,0,"Norway"
2019-12-31,0,0,"Spain"
2020-01-01,0,0,"Spain"
2020-01-02,0,0,"Spain"
2020-01-03,0,0,"Spain"
2020-01-04,0,0,"Spain"
2020-01-05,0,0,"Spain"
2020-01-06,0,0,"Spain"
2020-01-07,0,0,"Spain"
2020-01-08,0,0,"Spain"
2020-01-09,0,0,"Spain"
2020-01-10,0,0,"Spain"
2020-01-11,0,0,"Spain"
2020-01-12,0,0,"Spain"
2020-01-13,0,0,"Spain"
2020-01-14,0,0,"Spain"
2020-01-15,0,0,"Spain"
2020-01-16,0,0,"Spain"
2020-01-17,0,0,"Spain"
2020-01-18,0,0,"Spain"
2020-01-19,0,0,"Spain"
2020-01-20,0,0,"Spain"
2020-01-21,0,0,"Spain"
2020-01-22,0,0,"Spain"
2020-01-23,0,0,"Spain"
2020-01-24,0,0,"Spain"
2020-01-25,0,0,"Spain"
2020-01-26,0,0,"Spain"
2020-01-27,0,0,"Spain"
2020-01-28,0,0,"Spain"
2020-01-29,0,0,"Spain"
2020-01-30,0,0,"Spain"
2020-01-31,0,0,"Spain"
2020-02-01,1,0,"Spain"
2020-02-02,0,0,"Spain"
2020-02-03,0,0,"Spain"
2020-02-04,0,0,"Spain"
2020-02-05,0,0,"Spain"
2020-02-06,0,0,"Spain"
2020-02-07,0,0,"Spain"
2020-02-08,0,0,"Spain"
2020-02-09,0,0,"Spain"
2020-02-10,1,0,"Spain"
2020-02-11,0,0,"Spain"
2020-02-12,0,0,"Spain"
2020-02-13,0,0,"Spain"
2020-02-14,0,0,"Spain"
2020-02-15,0,0,"Spain"
2020-02-16,0,0,"Spain"
2020-02-17,0,0,"Spain"
2020-02-18,0,0,"Spain"
2020-02-19,0,0,"Spain"
2020-02-20,0,0,"Spain"
2020-02-21,0,0,"Spain"
2020-02-22,0,0,"Spain"
2020-02-23,0,0,"Spain"
2020-02-24,0,0,"Spain"
2020-02-25,1,0,"Spain"
2020-02-26,6,0,"Spain"
2020-02-27,8,0,"Spain"
2020-02-28,18,0,"Spain"
2020-02-29,19,0,"Spain"
2020-03-01,28,0,"Spain"
2020-03-02,54,0,"Spain"
2020-03-03,56,0,"Spain"
2020-03-04,75,0,"Spain"
2020-03-05,81,1,"Spain"
2020-03-06,183,2,"Spain"
2020-03-07,233,2,"Spain"
2020-03-08,330,0,"Spain"
2020-03-09,433,0,"Spain"
2020-03-10,772,23,"Spain"
2020-03-11,975,7,"Spain"
2020-03-12,1153,12,"Spain"
2020-03-13,1531,37,"Spain"
2020-03-14,1683,37,"Spain"
2020-03-15,2144,15,"Spain"
2020-03-16,1706,152,"Spain"
2020-03-17,2503,21,"Spain"
2020-03-18,3694,182,"Spain"
2020-03-19,4047,107,"Spain"
2020-03-20,4569,169,"Spain"
2020-03-21,5446,235,"Spain"
2020-03-22,4866,324,"Spain"
2020-03-23,4646,394,"Spain"
2020-03-24,7691,462,"Spain"
2020-03-25,8553,514,"Spain"
2020-03-26,8954,738,"Spain"
2020-03-27,9181,655,"Spain"
2020-03-28,8244,769,"Spain"
2020-03-29,6424,832,"Spain"
2020-03-30,5813,838,"Spain"
2020-03-31,8145,812,"Spain"
2020-04-01,7413,849,"Spain"
2020-04-02,7583,864,"Spain"
2020-04-03,7272,950,"Spain"
2020-04-04,6663,932,"Spain"
2020-04-05,5533,809,"Spain"
2020-04-06,3667,674,"Spain"
2020-04-07,5209,637,"Spain"
2020-04-08,5583,743,"Spain"
2020-04-09,5745,757,"Spain"
2020-04-10,4537,683,"Spain"
2020-04-11,4550,605,"Spain"
2020-04-12,3899,510,"Spain"
2020-04-13,3030,619,"Spain"
2020-04-14,3116,517,"Spain"
2020-04-15,4424,787,"Spain"
2020-04-16,3820,617,"Spain"
2020-04-17,3818,585,"Spain"
2020-04-18,3836,565,"Spain"
2020-04-19,-713,410,"Spain"
2020-04-20,2218,399,"Spain"
2020-04-21,2951,430,"Spain"
2020-04-22,2312,435,"Spain"
2020-04-23,2916,440,"Spain"
2020-04-24,2114,367,"Spain"
2020-04-25,2506,378,"Spain"
2020-04-26,1641,288,"Spain"
2020-04-27,1660,0,"Spain"
2020-04-28,1525,632,"Spain"
2020-04-29,847,453,"Spain"
2020-04-30,1241,268,"Spain"
2020-05-01,1387,281,"Spain"
2020-05-02,1234,276,"Spain"
2020-05-03,935,164,"Spain"
2020-05-04,466,164,"Spain"
2020-05-05,1039,185,"Spain"
2019-12-31,0,0,"Sweden"
2020-01-01,0,0,"Sweden"
2020-01-02,0,0,"Sweden"
2020-01-03,0,0,"Sweden"
2020-01-04,0,0,"Sweden"
2020-01-05,0,0,"Sweden"
2020-01-06,0,0,"Sweden"
2020-01-07,0,0,"Sweden"
2020-01-08,0,0,"Sweden"
2020-01-09,0,0,"Sweden"
2020-01-10,0,0,"Sweden"
2020-01-11,0,0,"Sweden"
2020-01-12,0,0,"Sweden"
2020-01-13,0,0,"Sweden"
2020-01-14,0,0,"Sweden"
2020-01-15,0,0,"Sweden"
2020-01-16,0,0,"Sweden"
2020-01-17,0,0,"Sweden"
2020-01-18,0,0,"Sweden"
2020-01-19,0,0,"Sweden"
2020-01-20,0,0,"Sweden"
2020-01-21,0,0,"Sweden"
2020-01-22,0,0,"Sweden"
2020-01-23,0,0,"Sweden"
2020-01-24,0,0,"Sweden"
2020-01-25,0,0,"Sweden"
2020-01-26,0,0,"Sweden"
2020-01-27,0,0,"Sweden"
2020-01-28,0,0,"Sweden"
2020-01-29,0,0,"Sweden"
2020-01-30,0,0,"Sweden"
2020-01-31,0,0,"Sweden"
2020-02-01,1,0,"Sweden"
2020-02-02,0,0,"Sweden"
2020-02-03,0,0,"Sweden"
2020-02-04,0,0,"Sweden"
2020-02-05,0,0,"Sweden"
2020-02-06,0,0,"Sweden"
2020-02-07,0,0,"Sweden"
2020-02-08,0,0,"Sweden"
2020-02-09,0,0,"Sweden"
2020-02-10,0,0,"Sweden"
2020-02-11,0,0,"Sweden"
2020-02-12,0,0,"Sweden"
2020-02-13,0,0,"Sweden"
2020-02-14,0,0,"Sweden"
2020-02-15,0,0,"Sweden"
2020-02-16,0,0,"Sweden"
2020-02-17,0,0,"Sweden"
2020-02-18,0,0,"Sweden"
2020-02-19,0,0,"Sweden"
2020-02-20,0,0,"Sweden"
2020-02-21,0,0,"Sweden"
2020-02-22,0,0,"Sweden"
2020-02-23,0,0,"Sweden"
2020-02-24,0,0,"Sweden"
2020-02-25,0,0,"Sweden"
2020-02-26,0,0,"Sweden"
2020-02-27,1,0,"Sweden"
2020-02-28,5,0,"Sweden"
2020-02-29,5,0,"Sweden"
2020-03-01,1,0,"Sweden"
2020-03-02,1,0,"Sweden"
2020-03-03,1,0,"Sweden"
2020-03-04,9,0,"Sweden"
2020-03-05,11,0,"Sweden"
2020-03-06,26,0,"Sweden"
2020-03-07,76,0,"Sweden"
2020-03-08,24,0,"Sweden"
2020-03-09,42,0,"Sweden"
2020-03-10,45,0,"Sweden"
2020-03-11,78,0,"Sweden"
2020-03-12,136,1,"Sweden"
2020-03-13,158,0,"Sweden"
2020-03-14,155,0,"Sweden"
2020-03-15,149,0,"Sweden"
2020-03-16,108,2,"Sweden"
2020-03-17,89,4,"Sweden"
2020-03-18,46,1,"Sweden"
2020-03-19,134,2,"Sweden"
2020-03-20,122,0,"Sweden"
2020-03-21,200,6,"Sweden"
2020-03-22,123,4,"Sweden"
2020-03-23,160,1,"Sweden"
2020-03-24,110,4,"Sweden"
2020-03-25,256,11,"Sweden"
2020-03-26,238,6,"Sweden"
2020-03-27,296,24,"Sweden"
2020-03-28,240,26,"Sweden"
2020-03-29,401,10,"Sweden"
2020-03-30,253,8,"Sweden"
2020-03-31,328,36,"Sweden"
2020-04-01,407,34,"Sweden"
2020-04-02,512,59,"Sweden"
2020-04-03,519,43,"Sweden"
2020-04-04,612,51,"Sweden"
2020-04-05,365,40,"Sweden"
2020-04-06,387,28,"Sweden"
2020-04-07,376,76,"Sweden"
2020-04-08,487,114,"Sweden"
2020-04-09,726,96,"Sweden"
2020-04-10,722,106,"Sweden"
2020-04-11,544,77,"Sweden"
2020-04-12,466,17,"Sweden"
2020-04-13,332,12,"Sweden"
2020-04-14,465,20,"Sweden"
2020-04-15,497,114,"Sweden"
2020-04-16,482,170,"Sweden"
2020-04-17,613,130,"Sweden"
2020-04-18,676,67,"Sweden"
2020-04-19,606,111,"Sweden"
2020-04-20,563,29,"Sweden"
2020-04-21,392,40,"Sweden"
2020-04-22,545,185,"Sweden"
2020-04-23,682,172,"Sweden"
2020-04-24,751,84,"Sweden"
2020-04-25,812,131,"Sweden"
2020-04-26,610,40,"Sweden"
2020-04-27,463,2,"Sweden"
2020-04-28,286,80,"Sweden"
2020-04-29,695,81,"Sweden"
2020-04-30,681,107,"Sweden"
2020-05-01,790,124,"Sweden"
2020-05-02,428,67,"Sweden"
2020-05-03,562,16,"Sweden"
2020-05-04,235,10,"Sweden"
2020-05-05,404,90,"Sweden"
2019-12-31,0,0,"Switzerland"
2020-01-01,0,0,"Switzerland"
2020-01-02,0,0,"Switzerland"
2020-01-03,0,0,"Switzerland"
2020-01-04,0,0,"Switzerland"
2020-01-05,0,0,"Switzerland"
2020-01-06,0,0,"Switzerland"
2020-01-07,0,0,"Switzerland"
2020-01-08,0,0,"Switzerland"
2020-01-09,0,0,"Switzerland"
2020-01-10,0,0,"Switzerland"
2020-01-11,0,0,"Switzerland"
2020-01-12,0,0,"Switzerland"
2020-01-13,0,0,"Switzerland"
2020-01-14,0,0,"Switzerland"
2020-01-15,0,0,"Switzerland"
2020-01-16,0,0,"Switzerland"
2020-01-17,0,0,"Switzerland"
2020-01-18,0,0,"Switzerland"
2020-01-19,0,0,"Switzerland"
2020-01-20,0,0,"Switzerland"
2020-01-21,0,0,"Switzerland"
2020-01-22,0,0,"Switzerland"
2020-01-23,0,0,"Switzerland"
2020-01-24,0,0,"Switzerland"
2020-01-25,0,0,"Switzerland"
2020-01-26,0,0,"Switzerland"
2020-01-27,0,0,"Switzerland"
2020-01-28,0,0,"Switzerland"
2020-01-29,0,0,"Switzerland"
2020-01-30,0,0,"Switzerland"
2020-01-31,0,0,"Switzerland"
2020-02-01,0,0,"Switzerland"
2020-02-02,0,0,"Switzerland"
2020-02-03,0,0,"Switzerland"
2020-02-04,0,0,"Switzerland"
2020-02-05,0,0,"Switzerland"
2020-02-06,0,0,"Switzerland"
2020-02-07,0,0,"Switzerland"
2020-02-08,0,0,"Switzerland"
2020-02-09,0,0,"Switzerland"
2020-02-10,0,0,"Switzerland"
2020-02-11,0,0,"Switzerland"
2020-02-12,0,0,"Switzerland"
2020-02-13,0,0,"Switzerland"
2020-02-14,0,0,"Switzerland"
2020-02-15,0,0,"Switzerland"
2020-02-16,0,0,"Switzerland"
2020-02-17,0,0,"Switzerland"
2020-02-18,0,0,"Switzerland"
2020-02-19,0,0,"Switzerland"
2020-02-20,0,0,"Switzerland"
2020-02-21,0,0,"Switzerland"
2020-02-22,0,0,"Switzerland"
2020-02-23,0,0,"Switzerland"
2020-02-24,0,0,"Switzerland"
2020-02-25,0,0,"Switzerland"
2020-02-26,1,0,"Switzerland"
2020-02-27,0,0,"Switzerland"
2020-02-28,7,0,"Switzerland"
2020-02-29,4,0,"Switzerland"
2020-03-01,6,0,"Switzerland"
2020-03-02,6,0,"Switzerland"
2020-03-03,6,0,"Switzerland"
2020-03-04,7,0,"Switzerland"
2020-03-05,20,0,"Switzerland"
2020-03-06,30,1,"Switzerland"
2020-03-07,122,0,"Switzerland"
2020-03-08,55,0,"Switzerland"
2020-03-09,68,1,"Switzerland"
2020-03-10,42,0,"Switzerland"
2020-03-11,116,1,"Switzerland"
2020-03-12,152,1,"Switzerland"
2020-03-13,212,0,"Switzerland"
2020-03-14,267,3,"Switzerland"
2020-03-15,238,4,"Switzerland"
2020-03-16,841,2,"Switzerland"
2020-03-17,0,1,"Switzerland"
2020-03-18,450,5,"Switzerland"
2020-03-19,360,2,"Switzerland"
2020-03-20,878,12,"Switzerland"
2020-03-21,952,10,"Switzerland"
2020-03-22,1237,13,"Switzerland"
2020-03-23,894,4,"Switzerland"
2020-03-24,1044,6,"Switzerland"
2020-03-25,774,20,"Switzerland"
2020-03-26,925,17,"Switzerland"
2020-03-27,1000,58,"Switzerland"
2020-03-28,1390,36,"Switzerland"
2020-03-29,1048,38,"Switzerland"
2020-03-30,1122,22,"Switzerland"
2020-03-31,1138,38,"Switzerland"
2020-04-01,696,78,"Switzerland"
2020-04-02,962,5,"Switzerland"
2020-04-03,1124,54,"Switzerland"
2020-04-04,1033,52,"Switzerland"
2020-04-05,974,56,"Switzerland"
2020-04-06,821,19,"Switzerland"
2020-04-07,552,25,"Switzerland"
2020-04-08,590,57,"Switzerland"
2020-04-09,546,64,"Switzerland"
2020-04-10,785,51,"Switzerland"
2020-04-11,733,49,"Switzerland"
2020-04-12,592,26,"Switzerland"
2020-04-13,400,27,"Switzerland"
2020-04-14,279,0,"Switzerland"
2020-04-15,254,42,"Switzerland"
2020-04-16,583,73,"Switzerland"
2020-04-17,315,43,"Switzerland"
2020-04-18,346,42,"Switzerland"
2020-04-19,325,52,"Switzerland"
2020-04-20,336,24,"Switzerland"
2020-04-21,168,7,"Switzerland"
2020-04-22,155,45,"Switzerland"
2020-04-23,205,30,"Switzerland"
2020-04-24,228,51,"Switzerland"
2020-04-25,181,41,"Switzerland"
2020-04-26,216,20,"Switzerland"
2020-04-27,167,8,"Switzerland"
2020-04-28,103,16,"Switzerland"
2020-04-29,100,27,"Switzerland"
2020-04-30,143,28,"Switzerland"
2020-05-01,179,15,"Switzerland"
2020-05-02,119,12,"Switzerland"
2020-05-03,112,32,"Switzerland"
2020-05-04,88,6,"Switzerland"
2020-05-05,76,4,"Switzerland"
2019-12-31,0,0,"United_Kingdom"
2020-01-01,0,0,"United_Kingdom"
2020-01-02,0,0,"United_Kingdom"
2020-01-03,0,0,"United_Kingdom"
2020-01-04,0,0,"United_Kingdom"
2020-01-05,0,0,"United_Kingdom"
2020-01-06,0,0,"United_Kingdom"
2020-01-07,0,0,"United_Kingdom"
2020-01-08,0,0,"United_Kingdom"
2020-01-09,0,0,"United_Kingdom"
2020-01-10,0,0,"United_Kingdom"
2020-01-11,0,0,"United_Kingdom"
2020-01-12,0,0,"United_Kingdom"
2020-01-13,0,0,"United_Kingdom"
2020-01-14,0,0,"United_Kingdom"
2020-01-15,0,0,"United_Kingdom"
2020-01-16,0,0,"United_Kingdom"
2020-01-17,0,0,"United_Kingdom"
2020-01-18,0,0,"United_Kingdom"
2020-01-19,0,0,"United_Kingdom"
2020-01-20,0,0,"United_Kingdom"
2020-01-21,0,0,"United_Kingdom"
2020-01-22,0,0,"United_Kingdom"
2020-01-23,0,0,"United_Kingdom"
2020-01-24,0,0,"United_Kingdom"
2020-01-25,0,0,"United_Kingdom"
2020-01-26,0,0,"United_Kingdom"
2020-01-27,0,0,"United_Kingdom"
2020-01-28,0,0,"United_Kingdom"
2020-01-29,0,0,"United_Kingdom"
2020-01-30,0,0,"United_Kingdom"
2020-01-31,2,0,"United_Kingdom"
2020-02-01,0,0,"United_Kingdom"
2020-02-02,0,0,"United_Kingdom"
2020-02-03,0,0,"United_Kingdom"
2020-02-04,0,0,"United_Kingdom"
2020-02-05,0,0,"United_Kingdom"
2020-02-06,0,0,"United_Kingdom"
2020-02-07,1,0,"United_Kingdom"
2020-02-08,0,0,"United_Kingdom"
2020-02-09,1,0,"United_Kingdom"
2020-02-10,0,0,"United_Kingdom"
2020-02-11,4,0,"United_Kingdom"
2020-02-12,0,0,"United_Kingdom"
2020-02-13,1,0,"United_Kingdom"
2020-02-14,0,0,"United_Kingdom"
2020-02-15,0,0,"United_Kingdom"
2020-02-16,0,0,"United_Kingdom"
2020-02-17,0,0,"United_Kingdom"
2020-02-18,0,0,"United_Kingdom"
2020-02-19,0,0,"United_Kingdom"
2020-02-20,0,0,"United_Kingdom"
2020-02-21,0,0,"United_Kingdom"
2020-02-22,0,0,"United_Kingdom"
2020-02-23,0,0,"United_Kingdom"
2020-02-24,4,0,"United_Kingdom"
2020-02-25,0,0,"United_Kingdom"
2020-02-26,0,0,"United_Kingdom"
2020-02-27,0,0,"United_Kingdom"
2020-02-28,3,0,"United_Kingdom"
2020-02-29,2,0,"United_Kingdom"
2020-03-01,5,0,"United_Kingdom"
2020-03-02,13,0,"United_Kingdom"
2020-03-03,4,0,"United_Kingdom"
2020-03-04,11,0,"United_Kingdom"
2020-03-05,34,0,"United_Kingdom"
2020-03-06,30,0,"United_Kingdom"
2020-03-07,48,1,"United_Kingdom"
2020-03-08,43,1,"United_Kingdom"
2020-03-09,67,0,"United_Kingdom"
2020-03-10,48,1,"United_Kingdom"
2020-03-11,52,4,"United_Kingdom"
2020-03-12,83,0,"United_Kingdom"
2020-03-13,134,2,"United_Kingdom"
2020-03-14,117,1,"United_Kingdom"
2020-03-15,433,18,"United_Kingdom"
2020-03-16,251,15,"United_Kingdom"
2020-03-17,152,22,"United_Kingdom"
2020-03-18,407,16,"United_Kingdom"
2020-03-19,680,34,"United_Kingdom"
2020-03-20,647,43,"United_Kingdom"
2020-03-21,706,36,"United_Kingdom"
2020-03-22,1035,56,"United_Kingdom"
2020-03-23,665,35,"United_Kingdom"
2020-03-24,967,74,"United_Kingdom"
2020-03-25,1427,149,"United_Kingdom"
2020-03-26,1452,186,"United_Kingdom"
2020-03-27,2129,183,"United_Kingdom"
2020-03-28,2885,284,"United_Kingdom"
2020-03-29,2546,294,"United_Kingdom"
2020-03-30,2433,214,"United_Kingdom"
2020-03-31,2619,374,"United_Kingdom"
2020-04-01,3009,382,"United_Kingdom"
2020-04-02,4324,670,"United_Kingdom"
2020-04-03,4244,652,"United_Kingdom"
2020-04-04,4450,714,"United_Kingdom"
2020-04-05,3735,760,"United_Kingdom"
2020-04-06,5903,644,"United_Kingdom"
2020-04-07,3802,568,"United_Kingdom"
2020-04-08,3634,1038,"United_Kingdom"
2020-04-09,5491,1034,"United_Kingdom"
2020-04-10,4344,1103,"United_Kingdom"
2020-04-11,5195,1152,"United_Kingdom"
2020-04-12,8719,839,"United_Kingdom"
2020-04-13,5288,686,"United_Kingdom"
2020-04-14,4342,744,"United_Kingdom"
2020-04-15,5252,1044,"United_Kingdom"
2020-04-16,4603,842,"United_Kingdom"
2020-04-17,4617,1029,"United_Kingdom"
2020-04-18,5599,935,"United_Kingdom"
2020-04-19,5525,1115,"United_Kingdom"
2020-04-20,5850,498,"United_Kingdom"
2020-04-21,4676,559,"United_Kingdom"
2020-04-22,4301,1172,"United_Kingdom"
2020-04-23,4451,837,"United_Kingdom"
2020-04-24,4583,727,"United_Kingdom"
2020-04-25,5386,1005,"United_Kingdom"
2020-04-26,4913,843,"United_Kingdom"
2020-04-27,4463,420,"United_Kingdom"
2020-04-28,4309,338,"United_Kingdom"
2020-04-29,3996,909,"United_Kingdom"
2020-04-30,4076,795,"United_Kingdom"
2020-05-01,6032,674,"United_Kingdom"
2020-05-02,6201,739,"United_Kingdom"
2020-05-03,4806,621,"United_Kingdom"
2020-05-04,4339,315,"United_Kingdom"
2020-05-05,3985,288,"United_Kingdom"
